[
  {
    "Berkside": "Berkshire",
    "Birmingham": "Birmingham and Solihull",
    "Black Country": "The Black Country Jurisdiction",
    "Blackburn Hyndburn Ribble Valley": "Lancashire and Blackburn with Darwen",
    "Blackburn Hyndham Ribble Valley": "Lancashire and Blackburn with Darwen",
    "Brighton Hove": "West Sussex, Brighton and Hove",
    "Cambridgeshire": "Cambridgeshire and Peterborough",
    "Cardiff Glamorgan": "South Wales Central",
    "Central Hampshire": "Hampshire, Portsmouth and Southampton",
    "Cornwall": "Cornwall and the Isles of Scilly",
    "County Durham": "County Durham and Darlington",
    "Derbyshire": "Derby and Derbyshire",
    "Durham Darlington": "County Durham and Darlington",
    "East Riding Hull": "East Riding of Yorkshire and Kingston-upon-Hull",
    "Eastern District London": "London East",
    "Exeter Great Devon": "Exeter and Greater Devon",
    "Hampshire": "Hampshire, Portsmouth and Southampton",
    "Isles Scilly": "Cornwall and the Isles of Scilly",
    "Lancashire": "Lancashire and Blackburn with Darwen",
    "Lancaster Blackburn Darwen": "Lancashire and Blackburn with Darwen",
    "Leicester": "Leicester City and South Leicestershire",
    "Leicestershire": "Leicester City and South Leicestershire",
    "Liverpool": "Liverpool and the Wirral",
    "London": "London City",
    "Manchester North": "Greater Manchester North",
    "Manchester South": "Greater Manchester South",
    "Manchester West": "Greater Manchester West",
    "Newcastle Tyne": "Newcastle and North Tyneside",
    "Newcastle": "Newcastle and North Tyneside",
    "North Wales Eastern Central": "North Wales (East & Central)",
    "North Yorkshire": "North Yorkshire and York",
    "Northampton": "Northamptonshire",
    "Northern District Greater London": "London North",
    "Nottingham": "Nottinghamshire",
    "Oxford": "Oxfordshire",
    "Peterborough": "Cambridgeshire and Peterborough",
    "Portsmouth South East Hampshire": "Hampshire, Portsmouth and Southampton",
    "Powys": "South Wales Central",
    "Preston Lancashire": "Lancashire and Blackburn with Darwen",
    "Rotherham": "Yorkshire South East",
    "South Leicestershire": "Leicester City and South Leicestershire",
    "South Manchester": "Greater Manchester South",
    "South Yorkshire Western": "Yorkshire South West",
    "Southampton New Forest": "Hampshire, Portsmouth and Southampton",
    "SouthWales Central": "South Wales Central",
    "Swansea": "Swansea and Neath Port Talbot",
    "West Sussex": "West Sussex, Brighton and Hove",
    "West Yorkshire E": "Yorkshire West Eastern",
    "West Yorkshire East": "Yorkshire West Eastern",
    "West Yorkshire West": "Yorkshire West Western",
    "Wirral": "Liverpool and the Wirral",
    "York": "North Yorkshire and York"
  },
  {
    "North Wales (East and Central)": "North Wales (East & Central)",
    "North East and North Central Wales": "North Wales (East & Central)"
  }
]